{
  "stamp": "20260405_153243",
  "grid": "50x50",
  "densities": [
    0.15,
    0.28,
    0.4
  ],
  "trials_per_density": 24,
  "base_seed": 42,
  "skipped_unreachable": 0,
  "per_density": {
    "0.15": {
      "dijkstra": {
        "time_mean": 7.1169625,
        "time_std": 0.5388356148620375,
        "exp_mean": 2030.5833333333333,
        "exp_std": 77.52092011551176,
        "n": 24
      },
      "astar": {
        "time_mean": 3.9354333333333336,
        "time_std": 1.2988258160952744,
        "exp_mean": 982.75,
        "exp_std": 187.06065192872606,
        "n": 24
      },
      "jps4": {
        "time_mean": 4.762133333333333,
        "time_std": 3.4995524845645942,
        "exp_mean": 501.8333333333333,
        "exp_std": 379.51610271795084,
        "n": 6
      }
    },
    "0.28": {
      "dijkstra": {
        "time_mean": 5.490195833333334,
        "time_std": 0.7052439273513613,
        "exp_mean": 1687.375,
        "exp_std": 87.09420785371819,
        "n": 24
      },
      "astar": {
        "time_mean": 1.9302125,
        "time_std": 0.8410490762100331,
        "exp_mean": 523.5,
        "exp_std": 132.93701516131614,
        "n": 24
      },
      "jps4": {
        "time_mean": 5.59725,
        "time_std": 5.964585022656648,
        "exp_mean": 802.25,
        "exp_std": 737.7331411154036,
        "n": 4
      }
    },
    "0.4": {
      "dijkstra": {
        "time_mean": 2.6847541666666666,
        "time_std": 0.5586141751238556,
        "exp_mean": 903,
        "exp_std": 177.82622603729368,
        "n": 24
      },
      "astar": {
        "time_mean": 1.6975791666666666,
        "time_std": 0.7093192375905029,
        "exp_mean": 492.25,
        "exp_std": 177.1969831383518,
        "n": 24
      },
      "jps4": {
        "time_mean": 3.0424857142857142,
        "time_std": 1.1553474733090616,
        "exp_mean": 667.047619047619,
        "exp_std": 183.70589232597698,
        "n": 21
      }
    }
  }
}