{
  "stamp": "20260405_153748",
  "grid": "50x50",
  "densities": [
    0.15,
    0.28,
    0.4
  ],
  "trials_per_density": 24,
  "base_seed": 42,
  "skipped_unreachable": 0,
  "per_density": {
    "0.15": {
      "dijkstra": {
        "time_mean": 7.397520833333333,
        "time_std": 0.9183024492594867,
        "exp_mean": 2062.2083333333335,
        "exp_std": 56.321235757236565,
        "n": 24
      },
      "astar": {
        "time_mean": 3.9095375,
        "time_std": 0.9458935188542189,
        "exp_mean": 1019.6666666666666,
        "exp_std": 197.14285570508397,
        "n": 24
      },
      "jps4": {
        "time_mean": 4.6014083333333335,
        "time_std": 2.285298598818957,
        "exp_mean": 488.375,
        "exp_std": 243.00391157688526,
        "n": 24
      }
    },
    "0.28": {
      "dijkstra": {
        "time_mean": 5.332625,
        "time_std": 0.6086281454016073,
        "exp_mean": 1659.1666666666667,
        "exp_std": 148.00722579958347,
        "n": 24
      },
      "astar": {
        "time_mean": 2.4068833333333335,
        "time_std": 0.8655322142409773,
        "exp_mean": 628.9583333333334,
        "exp_std": 192.85065015158463,
        "n": 24
      },
      "jps4": {
        "time_mean": 6.691304166666667,
        "time_std": 5.666504655317301,
        "exp_mean": 969.7916666666666,
        "exp_std": 795.3414350226504,
        "n": 24
      }
    },
    "0.4": {
      "dijkstra": {
        "time_mean": 2.8237666666666668,
        "time_std": 0.7141481963772568,
        "exp_mean": 914.9583333333334,
        "exp_std": 172.3606875050753,
        "n": 24
      },
      "astar": {
        "time_mean": 1.5811041666666668,
        "time_std": 0.5144725701136121,
        "exp_mean": 513.25,
        "exp_std": 184.06480969122444,
        "n": 24
      },
      "jps4": {
        "time_mean": 3.0974875,
        "time_std": 1.242991383823885,
        "exp_mean": 681.625,
        "exp_std": 178.19437245603464,
        "n": 24
      }
    }
  }
}