{
  "stamp": "20260405_160433",
  "grid": "50x50",
  "densities": [
    0.15,
    0.28,
    0.4
  ],
  "trials_per_density": 24,
  "base_seed": 42,
  "skipped_unreachable": 0,
  "per_density": {
    "0.15": {
      "dijkstra": {
        "time_mean": 7.066941666666667,
        "time_std": 0.9497938890081479,
        "exp_mean": 2062.2083333333335,
        "exp_std": 56.321235757236565,
        "n": 24
      },
      "astar": {
        "time_mean": 3.7411041666666667,
        "time_std": 0.884950827955602,
        "exp_mean": 1019.6666666666666,
        "exp_std": 197.14285570508397,
        "n": 24
      },
      "jps4": {
        "time_mean": 4.431516666666667,
        "time_std": 2.145461409127546,
        "exp_mean": 488.375,
        "exp_std": 243.00391157688526,
        "n": 24
      }
    },
    "0.28": {
      "dijkstra": {
        "time_mean": 4.9549875,
        "time_std": 0.4590533359648055,
        "exp_mean": 1659.1666666666667,
        "exp_std": 148.00722579958347,
        "n": 24
      },
      "astar": {
        "time_mean": 2.1115916666666665,
        "time_std": 0.6436130902417659,
        "exp_mean": 628.9583333333334,
        "exp_std": 192.85065015158463,
        "n": 24
      },
      "jps4": {
        "time_mean": 6.216291666666667,
        "time_std": 5.364791286862633,
        "exp_mean": 969.7916666666666,
        "exp_std": 795.3414350226504,
        "n": 24
      }
    },
    "0.4": {
      "dijkstra": {
        "time_mean": 2.7293291666666666,
        "time_std": 0.4958228165376273,
        "exp_mean": 914.9583333333334,
        "exp_std": 172.3606875050753,
        "n": 24
      },
      "astar": {
        "time_mean": 1.70145,
        "time_std": 0.7140238733170388,
        "exp_mean": 513.25,
        "exp_std": 184.06480969122444,
        "n": 24
      },
      "jps4": {
        "time_mean": 3.131654166666667,
        "time_std": 1.098159152088609,
        "exp_mean": 681.625,
        "exp_std": 178.19437245603464,
        "n": 24
      }
    }
  }
}