{
  "stamp": "20260405_153315",
  "grid": "50x50",
  "densities": [
    0.15,
    0.28,
    0.4
  ],
  "trials_per_density": 24,
  "base_seed": 42,
  "skipped_unreachable": 0,
  "per_density": {
    "0.15": {
      "dijkstra": {
        "time_mean": 6.8655083333333335,
        "time_std": 0.6372479455417823,
        "exp_mean": 2062.2083333333335,
        "exp_std": 56.321235757236565,
        "n": 24
      },
      "astar": {
        "time_mean": 3.5712625,
        "time_std": 0.7359089118297295,
        "exp_mean": 1019.6666666666666,
        "exp_std": 197.14285570508397,
        "n": 24
      },
      "jps4": {
        "time_mean": 4.2543125,
        "time_std": 2.1021384868177493,
        "exp_mean": 488.375,
        "exp_std": 243.00391157688526,
        "n": 24
      }
    },
    "0.28": {
      "dijkstra": {
        "time_mean": 5.031029166666666,
        "time_std": 0.5519635038351469,
        "exp_mean": 1659.1666666666667,
        "exp_std": 148.00722579958347,
        "n": 24
      },
      "astar": {
        "time_mean": 2.0939375,
        "time_std": 0.6597622323057628,
        "exp_mean": 628.9583333333334,
        "exp_std": 192.85065015158463,
        "n": 24
      },
      "jps4": {
        "time_mean": 6.2809625,
        "time_std": 5.351805346159096,
        "exp_mean": 969.7916666666666,
        "exp_std": 795.3414350226504,
        "n": 24
      }
    },
    "0.4": {
      "dijkstra": {
        "time_mean": 2.6588083333333334,
        "time_std": 0.5552677731784509,
        "exp_mean": 914.9583333333334,
        "exp_std": 172.3606875050753,
        "n": 24
      },
      "astar": {
        "time_mean": 1.67825,
        "time_std": 0.7457994357287576,
        "exp_mean": 513.25,
        "exp_std": 184.06480969122444,
        "n": 24
      },
      "jps4": {
        "time_mean": 3.0019541666666667,
        "time_std": 1.0959554758212757,
        "exp_mean": 681.625,
        "exp_std": 178.19437245603464,
        "n": 24
      }
    }
  }
}