{
  "stamp": "20260423_100849",
  "grid": "50x50",
  "densities": [
    0.15,
    0.28,
    0.4
  ],
  "trials_per_density": 24,
  "base_seed": 42,
  "skipped_unreachable": 0,
  "per_density": {
    "0.15": {
      "dijkstra": {
        "time_mean": 7.025254166666667,
        "time_std": 0.3792100187441944,
        "exp_mean": 2119.0416666666665,
        "exp_std": 21.196460330808904,
        "n": 24
      },
      "astar": {
        "time_mean": 5.9056625,
        "time_std": 0.882751240352428,
        "exp_mean": 1614.125,
        "exp_std": 161.1079639299891,
        "n": 24
      },
      "jps4": {
        "time_mean": 4.032895833333333,
        "time_std": 0.5394020203577033,
        "exp_mean": 623.875,
        "exp_std": 72.62994819631913,
        "n": 24
      }
    },
    "0.28": {
      "dijkstra": {
        "time_mean": 5.727608333333333,
        "time_std": 1.9571015669259193,
        "exp_mean": 1692.4583333333333,
        "exp_std": 353.4020348892871,
        "n": 24
      },
      "astar": {
        "time_mean": 3.6073416666666667,
        "time_std": 2.0492441797560117,
        "exp_mean": 967,
        "exp_std": 424.41184793389857,
        "n": 24
      },
      "jps4": {
        "time_mean": 3.5825583333333335,
        "time_std": 2.2473986999634095,
        "exp_mean": 539.875,
        "exp_std": 254.98109611302561,
        "n": 24
      }
    },
    "0.4": {
      "dijkstra": {
        "time_mean": 1.59775,
        "time_std": 1.2064991200438842,
        "exp_mean": 567.5833333333334,
        "exp_std": 421.56503221791166,
        "n": 24
      },
      "astar": {
        "time_mean": 1.3374166666666667,
        "time_std": 1.0613435760341177,
        "exp_mean": 439.5833333333333,
        "exp_std": 341.3298644843268,
        "n": 24
      },
      "jps4": {
        "time_mean": 1.2923625,
        "time_std": 1.0246694702083612,
        "exp_mean": 266.9166666666667,
        "exp_std": 207.96151820843093,
        "n": 24
      }
    }
  }
}